<?xml version="1.0" encoding="UTF-8"?>
<GenRun Id="impl_1" LaunchPart="xc7k160tfbg676-2" LaunchTime="1685177080">
  <File Type="ROUTE-PWR" Name="Divider_power_routed.rpt"/>
  <File Type="PA-TCL" Name="Divider.tcl"/>
  <File Type="BITSTR-BMM" Name="Divider_bd.bmm"/>
  <File Type="ROUTE-PWR-SUM" Name="Divider_power_summary_routed.pb"/>
  <File Type="REPORTS-TCL" Name="Divider_reports.tcl"/>
  <File Type="OPT-DCP" Name="Divider_opt.dcp"/>
  <File Type="OPT-DRC" Name="Divider_drc_opted.rpt"/>
  <File Type="OPT-HWDEF" Name="Divider.hwdef"/>
  <File Type="PWROPT-DCP" Name="Divider_pwropt.dcp"/>
  <File Type="PLACE-DCP" Name="Divider_placed.dcp"/>
  <File Type="PLACE-IO" Name="Divider_io_placed.rpt"/>
  <File Type="PLACE-UTIL" Name="Divider_utilization_placed.rpt"/>
  <File Type="PLACE-UTIL-PB" Name="Divider_utilization_placed.pb"/>
  <File Type="PLACE-CTRL" Name="Divider_control_sets_placed.rpt"/>
  <File Type="PLACE-PRE-SIMILARITY" Name="Divider_incremental_reuse_pre_placed.rpt"/>
  <File Type="BG-BGN" Name="Divider.bgn"/>
  <File Type="POSTPLACE-PWROPT-DCP" Name="Divider_postplace_pwropt.dcp"/>
  <File Type="BG-BIN" Name="Divider.bin"/>
  <File Type="PHYSOPT-DCP" Name="Divider_physopt.dcp"/>
  <File Type="BITSTR-MSK" Name="Divider.msk"/>
  <File Type="ROUTE-ERROR-DCP" Name="Divider_routed_error.dcp"/>
  <File Type="ROUTE-DCP" Name="Divider_routed.dcp"/>
  <File Type="ROUTE-BLACKBOX-DCP" Name="Divider_routed_bb.dcp"/>
  <File Type="ROUTE-DRC" Name="Divider_drc_routed.rpt"/>
  <File Type="ROUTE-DRC-PB" Name="Divider_drc_routed.pb"/>
  <File Type="ROUTE-DRC-RPX" Name="Divider_drc_routed.rpx"/>
  <File Type="BITSTR-LTX" Name="Divider.ltx"/>
  <File Type="ROUTE-METHODOLOGY-DRC" Name="Divider_methodology_drc_routed.rpt"/>
  <File Type="BITSTR-MMI" Name="Divider.mmi"/>
  <File Type="ROUTE-METHODOLOGY-DRC-RPX" Name="Divider_methodology_drc_routed.rpx"/>
  <File Type="ROUTE-METHODOLOGY-DRC-PB" Name="Divider_methodology_drc_routed.pb"/>
  <File Type="BITSTR-SYSDEF" Name="Divider.sysdef"/>
  <File Type="ROUTE-PWR-RPX" Name="Divider_power_routed.rpx"/>
  <File Type="ROUTE-STATUS" Name="Divider_route_status.rpt"/>
  <File Type="ROUTE-STATUS-PB" Name="Divider_route_status.pb"/>
  <File Type="ROUTE-TIMINGSUMMARY" Name="Divider_timing_summary_routed.rpt"/>
  <File Type="ROUTE-TIMING-PB" Name="Divider_timing_summary_routed.pb"/>
  <File Type="ROUTE-TIMING-RPX" Name="Divider_timing_summary_routed.rpx"/>
  <File Type="ROUTE-CLK" Name="Divider_clock_utilization_routed.rpt"/>
  <File Type="ROUTE-BUS-SKEW" Name="Divider_bus_skew_routed.rpt"/>
  <File Type="ROUTE-BUS-SKEW-PB" Name="Divider_bus_skew_routed.pb"/>
  <File Type="ROUTE-BUS-SKEW-RPX" Name="Divider_bus_skew_routed.rpx"/>
  <File Type="POSTROUTE-PHYSOPT-DCP" Name="Divider_postroute_physopt.dcp"/>
  <File Type="POSTROUTE-PHYSOPT-BLACKBOX-DCP" Name="Divider_postroute_physopt_bb.dcp"/>
  <File Type="BG-BIT" Name="Divider.bit"/>
  <File Type="BITSTR-RBT" Name="Divider.rbt"/>
  <File Type="BITSTR-NKY" Name="Divider.nky"/>
  <File Type="BG-DRC" Name="Divider.drc"/>
  <File Type="RDI-RDI" Name="Divider.vdi"/>
  <File Type="WBT-USG" Name="usage_statistics_webtalk.html"/>
  <FileSet Name="sources" Type="DesignSrcs" RelSrcDir="$PSRCDIR/sources_1">
    <Filter Type="Srcs"/>
    <File Path="$PSRCDIR/sources_1/new/Divider.vhd">
      <FileInfo>
        <Attr Name="UsedIn" Val="synthesis"/>
        <Attr Name="UsedIn" Val="simulation"/>
      </FileInfo>
    </File>
    <Config>
      <Option Name="DesignMode" Val="RTL"/>
      <Option Name="TopModule" Val="Divider"/>
      <Option Name="TopAutoSet" Val="TRUE"/>
    </Config>
  </FileSet>
  <FileSet Name="constrs_in" Type="Constrs" RelSrcDir="$PSRCDIR/constrs_1">
    <Filter Type="Constrs"/>
    <File Path="$PSRCDIR/constrs_1/new/TestDiv.xdc">
      <FileInfo>
        <Attr Name="UsedIn" Val="synthesis"/>
        <Attr Name="UsedIn" Val="implementation"/>
      </FileInfo>
    </File>
    <Config>
      <Option Name="TargetConstrsFile" Val="$PSRCDIR/constrs_1/new/TestDiv.xdc"/>
      <Option Name="ConstrsType" Val="XDC"/>
    </Config>
  </FileSet>
  <FileSet Name="utils" Type="Utils" RelSrcDir="$PSRCDIR/utils_1">
    <Filter Type="Utils"/>
    <Config>
      <Option Name="TopAutoSet" Val="TRUE"/>
    </Config>
  </FileSet>
  <Strategy Version="1" Minor="2">
    <StratHandle Name="Vivado Implementation Defaults" Flow="Vivado Implementation 2018"/>
    <Step Id="init_design"/>
    <Step Id="opt_design"/>
    <Step Id="power_opt_design"/>
    <Step Id="place_design"/>
    <Step Id="post_place_power_opt_design"/>
    <Step Id="phys_opt_design"/>
    <Step Id="route_design"/>
    <Step Id="post_route_phys_opt_design"/>
    <Step Id="write_bitstream"/>
  </Strategy>
</GenRun>
