<?xml version="1.0" encoding="UTF-8"?>
<GenRun Id="impl_1" LaunchPart="xc7k160tfbg676-2" LaunchTime="1651736740">
  <File Type="ROUTE-PWR" Name="IO_top_power_routed.rpt"/>
  <File Type="PA-TCL" Name="IO_top.tcl"/>
  <File Type="BITSTR-BMM" Name="IO_top_bd.bmm"/>
  <File Type="ROUTE-PWR-SUM" Name="IO_top_power_summary_routed.pb"/>
  <File Type="REPORTS-TCL" Name="IO_top_reports.tcl"/>
  <File Type="OPT-DCP" Name="IO_top_opt.dcp"/>
  <File Type="OPT-DRC" Name="IO_top_drc_opted.rpt"/>
  <File Type="OPT-HWDEF" Name="IO_top.hwdef"/>
  <File Type="PWROPT-DCP" Name="IO_top_pwropt.dcp"/>
  <File Type="PLACE-DCP" Name="IO_top_placed.dcp"/>
  <File Type="PLACE-IO" Name="IO_top_io_placed.rpt"/>
  <File Type="PLACE-UTIL" Name="IO_top_utilization_placed.rpt"/>
  <File Type="PLACE-UTIL-PB" Name="IO_top_utilization_placed.pb"/>
  <File Type="PLACE-CTRL" Name="IO_top_control_sets_placed.rpt"/>
  <File Type="PLACE-PRE-SIMILARITY" Name="IO_top_incremental_reuse_pre_placed.rpt"/>
  <File Type="BG-BGN" Name="IO_top.bgn"/>
  <File Type="POSTPLACE-PWROPT-DCP" Name="IO_top_postplace_pwropt.dcp"/>
  <File Type="BG-BIN" Name="IO_top.bin"/>
  <File Type="PHYSOPT-DCP" Name="IO_top_physopt.dcp"/>
  <File Type="BITSTR-MSK" Name="IO_top.msk"/>
  <File Type="ROUTE-ERROR-DCP" Name="IO_top_routed_error.dcp"/>
  <File Type="ROUTE-DCP" Name="IO_top_routed.dcp"/>
  <File Type="ROUTE-BLACKBOX-DCP" Name="IO_top_routed_bb.dcp"/>
  <File Type="ROUTE-DRC" Name="IO_top_drc_routed.rpt"/>
  <File Type="ROUTE-DRC-PB" Name="IO_top_drc_routed.pb"/>
  <File Type="ROUTE-DRC-RPX" Name="IO_top_drc_routed.rpx"/>
  <File Type="BITSTR-LTX" Name="IO_top.ltx"/>
  <File Type="ROUTE-METHODOLOGY-DRC" Name="IO_top_methodology_drc_routed.rpt"/>
  <File Type="BITSTR-MMI" Name="IO_top.mmi"/>
  <File Type="ROUTE-METHODOLOGY-DRC-RPX" Name="IO_top_methodology_drc_routed.rpx"/>
  <File Type="ROUTE-METHODOLOGY-DRC-PB" Name="IO_top_methodology_drc_routed.pb"/>
  <File Type="BITSTR-SYSDEF" Name="IO_top.sysdef"/>
  <File Type="ROUTE-PWR-RPX" Name="IO_top_power_routed.rpx"/>
  <File Type="ROUTE-STATUS" Name="IO_top_route_status.rpt"/>
  <File Type="ROUTE-STATUS-PB" Name="IO_top_route_status.pb"/>
  <File Type="ROUTE-TIMINGSUMMARY" Name="IO_top_timing_summary_routed.rpt"/>
  <File Type="ROUTE-TIMING-PB" Name="IO_top_timing_summary_routed.pb"/>
  <File Type="ROUTE-TIMING-RPX" Name="IO_top_timing_summary_routed.rpx"/>
  <File Type="ROUTE-CLK" Name="IO_top_clock_utilization_routed.rpt"/>
  <File Type="ROUTE-BUS-SKEW" Name="IO_top_bus_skew_routed.rpt"/>
  <File Type="ROUTE-BUS-SKEW-PB" Name="IO_top_bus_skew_routed.pb"/>
  <File Type="ROUTE-BUS-SKEW-RPX" Name="IO_top_bus_skew_routed.rpx"/>
  <File Type="POSTROUTE-PHYSOPT-DCP" Name="IO_top_postroute_physopt.dcp"/>
  <File Type="POSTROUTE-PHYSOPT-BLACKBOX-DCP" Name="IO_top_postroute_physopt_bb.dcp"/>
  <File Type="BG-BIT" Name="IO_top.bit"/>
  <File Type="BITSTR-RBT" Name="IO_top.rbt"/>
  <File Type="BITSTR-NKY" Name="IO_top.nky"/>
  <File Type="BG-DRC" Name="IO_top.drc"/>
  <File Type="RDI-RDI" Name="IO_top.vdi"/>
  <File Type="WBT-USG" Name="usage_statistics_webtalk.html"/>
  <FileSet Name="sources" Type="DesignSrcs" RelSrcDir="$PSRCDIR/sources_1">
    <Filter Type="Srcs"/>
    <File Path="$PSRCDIR/sources_1/imports/new/PC_IO.vhd">
      <FileInfo>
        <Attr Name="UsedIn" Val="synthesis"/>
        <Attr Name="UsedIn" Val="simulation"/>
      </FileInfo>
    </File>
    <File Path="$PSRCDIR/sources_1/imports/new/data2seg.vhd">
      <FileInfo>
        <Attr Name="ImportPath" Val="$PPRDIR/../../../../../Administrator/Desktop/imports/new/data2seg.vhd"/>
        <Attr Name="ImportTime" Val="1650969072"/>
        <Attr Name="UsedIn" Val="synthesis"/>
        <Attr Name="UsedIn" Val="simulation"/>
      </FileInfo>
    </File>
    <File Path="$PSRCDIR/sources_1/imports/new/seg_dis.vhd">
      <FileInfo>
        <Attr Name="ImportPath" Val="$PPRDIR/../../../../../Administrator/Desktop/imports/new/seg_dis.vhd"/>
        <Attr Name="ImportTime" Val="1650974454"/>
        <Attr Name="UsedIn" Val="synthesis"/>
        <Attr Name="UsedIn" Val="simulation"/>
      </FileInfo>
    </File>
    <File Path="$PSRCDIR/sources_1/imports/new/seg_dis_keyin.vhd">
      <FileInfo>
        <Attr Name="ImportPath" Val="$PPRDIR/../../../../../Administrator/Desktop/imports/new/seg_dis_keyin.vhd"/>
        <Attr Name="ImportTime" Val="1651028182"/>
        <Attr Name="UsedIn" Val="synthesis"/>
        <Attr Name="UsedIn" Val="simulation"/>
      </FileInfo>
    </File>
    <File Path="$PSRCDIR/sources_1/new/IO_top.vhd">
      <FileInfo>
        <Attr Name="UsedIn" Val="synthesis"/>
        <Attr Name="UsedIn" Val="simulation"/>
      </FileInfo>
    </File>
    <File Path="$PPRDIR/../../../../../Administrator/Desktop/PC_IO/PC_IO/PC_IO.srcs/sources_1/new/PC_IO.vhd">
      <FileInfo>
        <Attr Name="AutoDisabled" Val="1"/>
        <Attr Name="UsedIn" Val="synthesis"/>
        <Attr Name="UsedIn" Val="simulation"/>
      </FileInfo>
    </File>
    <Config>
      <Option Name="DesignMode" Val="RTL"/>
      <Option Name="TopModule" Val="IO_top"/>
      <Option Name="TopAutoSet" Val="TRUE"/>
    </Config>
  </FileSet>
  <FileSet Name="constrs_in" Type="Constrs" RelSrcDir="$PSRCDIR/constrs_1">
    <Filter Type="Constrs"/>
    <File Path="$PSRCDIR/constrs_1/new/CONS.xdc">
      <FileInfo>
        <Attr Name="UsedIn" Val="synthesis"/>
        <Attr Name="UsedIn" Val="implementation"/>
      </FileInfo>
    </File>
    <Config>
      <Option Name="TargetConstrsFile" Val="$PSRCDIR/constrs_1/new/CONS.xdc"/>
      <Option Name="ConstrsType" Val="XDC"/>
    </Config>
  </FileSet>
  <FileSet Name="utils" Type="Utils" RelSrcDir="$PSRCDIR/utils_1">
    <Filter Type="Utils"/>
    <Config>
      <Option Name="TopAutoSet" Val="TRUE"/>
    </Config>
  </FileSet>
  <Strategy Version="1" Minor="2">
    <StratHandle Name="Vivado Implementation Defaults" Flow="Vivado Implementation 2018"/>
    <Step Id="init_design"/>
    <Step Id="opt_design"/>
    <Step Id="power_opt_design"/>
    <Step Id="place_design"/>
    <Step Id="post_place_power_opt_design"/>
    <Step Id="phys_opt_design"/>
    <Step Id="route_design"/>
    <Step Id="post_route_phys_opt_design"/>
    <Step Id="write_bitstream"/>
  </Strategy>
</GenRun>
