<?xml version="1.0" encoding="UTF-8" ?>
<webTalkData  fileName='usage_statistics_webtalk.xml'  majorVersion='1' minorVersion='0' timeStamp='Sat Jun  3 19:12:16 2023'>
<section name="__ROOT__" level="0" order="1" description="">
 <section name="software_version_and_target_device" level="1" order="1" description="">
  <keyValuePair key="beta" value="FALSE" description="" />
  <keyValuePair key="build_version" value="2708876" description="" />
  <keyValuePair key="date_generated" value="Sat Jun  3 19:12:16 2023" description="" />
  <keyValuePair key="os_platform" value="WIN64" description="" />
  <keyValuePair key="product_version" value="Vivado v2019.2 (64-bit)" description="" />
  <keyValuePair key="project_id" value="625fe6caa4c14cf9995ae7675e93a514" description="" />
  <keyValuePair key="project_iteration" value="7" description="" />
  <keyValuePair key="random_id" value="6bffd24a63065eddbc43ec433f9a450c" description="" />
  <keyValuePair key="registration_id" value="6bffd24a63065eddbc43ec433f9a450c" description="" />
  <keyValuePair key="route_design" value="TRUE" description="" />
  <keyValuePair key="target_device" value="xc7k160t" description="" />
  <keyValuePair key="target_family" value="kintex7" description="" />
  <keyValuePair key="target_package" value="fbg676" description="" />
  <keyValuePair key="target_speed" value="-2" description="" />
  <keyValuePair key="tool_flow" value="Vivado" description="" />
 </section>
 <section name="user_environment" level="1" order="2" description="">
  <keyValuePair key="cpu_name" value="AMD Ryzen 5 4600H with Radeon Graphics         " description="" />
  <keyValuePair key="cpu_speed" value="2994 MHz" description="" />
  <keyValuePair key="os_name" value="Windows Server 2016 or Windows 10" description="" />
  <keyValuePair key="os_release" value="major release  (build 9200)" description="" />
  <keyValuePair key="system_ram" value="16.000 GB" description="" />
  <keyValuePair key="total_processors" value="2" description="" />
 </section>
 <section name="report_drc" level="1" order="3" description="">
  <section name="command_line_options" level="2" order="1" description="">
   <keyValuePair key="-append" value="default::[not_specified]" description="" />
   <keyValuePair key="-checks" value="default::[not_specified]" description="" />
   <keyValuePair key="-fail_on" value="default::[not_specified]" description="" />
   <keyValuePair key="-force" value="default::[not_specified]" description="" />
   <keyValuePair key="-format" value="default::[not_specified]" description="" />
   <keyValuePair key="-internal" value="default::[not_specified]" description="" />
   <keyValuePair key="-internal_only" value="default::[not_specified]" description="" />
   <keyValuePair key="-messages" value="default::[not_specified]" description="" />
   <keyValuePair key="-name" value="default::[not_specified]" description="" />
   <keyValuePair key="-no_waivers" value="default::[not_specified]" description="" />
   <keyValuePair key="-return_string" value="default::[not_specified]" description="" />
   <keyValuePair key="-ruledecks" value="default::[not_specified]" description="" />
   <keyValuePair key="-upgrade_cw" value="default::[not_specified]" description="" />
   <keyValuePair key="-waived" value="default::[not_specified]" description="" />
  </section>
  <section name="results" level="2" order="2" description="">
   <keyValuePair key="cfgbvs-1" value="1" description="" />
  </section>
 </section>
 <section name="report_utilization" level="1" order="4" description="">
  <section name="clocking" level="2" order="1" description="">
   <keyValuePair key="bufgctrl_available" value="32" description="" />
   <keyValuePair key="bufgctrl_fixed" value="0" description="" />
   <keyValuePair key="bufgctrl_used" value="1" description="" />
   <keyValuePair key="bufgctrl_util_percentage" value="3.13" description="" />
   <keyValuePair key="bufhce_available" value="120" description="" />
   <keyValuePair key="bufhce_fixed" value="0" description="" />
   <keyValuePair key="bufhce_used" value="0" description="" />
   <keyValuePair key="bufhce_util_percentage" value="0.00" description="" />
   <keyValuePair key="bufio_available" value="32" description="" />
   <keyValuePair key="bufio_fixed" value="0" description="" />
   <keyValuePair key="bufio_used" value="0" description="" />
   <keyValuePair key="bufio_util_percentage" value="0.00" description="" />
   <keyValuePair key="bufmrce_available" value="16" description="" />
   <keyValuePair key="bufmrce_fixed" value="0" description="" />
   <keyValuePair key="bufmrce_used" value="0" description="" />
   <keyValuePair key="bufmrce_util_percentage" value="0.00" description="" />
   <keyValuePair key="bufr_available" value="32" description="" />
   <keyValuePair key="bufr_fixed" value="0" description="" />
   <keyValuePair key="bufr_used" value="0" description="" />
   <keyValuePair key="bufr_util_percentage" value="0.00" description="" />
   <keyValuePair key="mmcme2_adv_available" value="8" description="" />
   <keyValuePair key="mmcme2_adv_fixed" value="0" description="" />
   <keyValuePair key="mmcme2_adv_used" value="0" description="" />
   <keyValuePair key="mmcme2_adv_util_percentage" value="0.00" description="" />
   <keyValuePair key="plle2_adv_available" value="8" description="" />
   <keyValuePair key="plle2_adv_fixed" value="0" description="" />
   <keyValuePair key="plle2_adv_used" value="0" description="" />
   <keyValuePair key="plle2_adv_util_percentage" value="0.00" description="" />
  </section>
  <section name="dsp" level="2" order="2" description="">
   <keyValuePair key="dsps_available" value="600" description="" />
   <keyValuePair key="dsps_fixed" value="0" description="" />
   <keyValuePair key="dsps_used" value="0" description="" />
   <keyValuePair key="dsps_util_percentage" value="0.00" description="" />
  </section>
  <section name="io_standard" level="2" order="3" description="">
   <keyValuePair key="blvds_25" value="0" description="" />
   <keyValuePair key="diff_hstl_i" value="0" description="" />
   <keyValuePair key="diff_hstl_i_18" value="0" description="" />
   <keyValuePair key="diff_hstl_i_dci" value="0" description="" />
   <keyValuePair key="diff_hstl_i_dci_18" value="0" description="" />
   <keyValuePair key="diff_hstl_ii" value="0" description="" />
   <keyValuePair key="diff_hstl_ii_18" value="0" description="" />
   <keyValuePair key="diff_hstl_ii_dci" value="0" description="" />
   <keyValuePair key="diff_hstl_ii_dci_18" value="0" description="" />
   <keyValuePair key="diff_hstl_ii_t_dci" value="0" description="" />
   <keyValuePair key="diff_hstl_ii_t_dci_18" value="0" description="" />
   <keyValuePair key="diff_hsul_12" value="0" description="" />
   <keyValuePair key="diff_hsul_12_dci" value="0" description="" />
   <keyValuePair key="diff_mobile_ddr" value="0" description="" />
   <keyValuePair key="diff_sstl12" value="0" description="" />
   <keyValuePair key="diff_sstl12_dci" value="0" description="" />
   <keyValuePair key="diff_sstl12_t_dci" value="0" description="" />
   <keyValuePair key="diff_sstl135" value="0" description="" />
   <keyValuePair key="diff_sstl135_dci" value="0" description="" />
   <keyValuePair key="diff_sstl135_r" value="0" description="" />
   <keyValuePair key="diff_sstl135_t_dci" value="0" description="" />
   <keyValuePair key="diff_sstl15" value="0" description="" />
   <keyValuePair key="diff_sstl15_dci" value="0" description="" />
   <keyValuePair key="diff_sstl15_r" value="0" description="" />
   <keyValuePair key="diff_sstl15_t_dci" value="0" description="" />
   <keyValuePair key="diff_sstl18_i" value="0" description="" />
   <keyValuePair key="diff_sstl18_i_dci" value="0" description="" />
   <keyValuePair key="diff_sstl18_ii" value="0" description="" />
   <keyValuePair key="diff_sstl18_ii_dci" value="0" description="" />
   <keyValuePair key="diff_sstl18_ii_t_dci" value="0" description="" />
   <keyValuePair key="hslvdci_15" value="0" description="" />
   <keyValuePair key="hslvdci_18" value="0" description="" />
   <keyValuePair key="hstl_i" value="0" description="" />
   <keyValuePair key="hstl_i_12" value="0" description="" />
   <keyValuePair key="hstl_i_18" value="0" description="" />
   <keyValuePair key="hstl_i_dci" value="0" description="" />
   <keyValuePair key="hstl_i_dci_18" value="0" description="" />
   <keyValuePair key="hstl_ii" value="0" description="" />
   <keyValuePair key="hstl_ii_18" value="0" description="" />
   <keyValuePair key="hstl_ii_dci" value="0" description="" />
   <keyValuePair key="hstl_ii_dci_18" value="0" description="" />
   <keyValuePair key="hstl_ii_t_dci" value="0" description="" />
   <keyValuePair key="hstl_ii_t_dci_18" value="0" description="" />
   <keyValuePair key="hsul_12" value="0" description="" />
   <keyValuePair key="hsul_12_dci" value="0" description="" />
   <keyValuePair key="lvcmos12" value="0" description="" />
   <keyValuePair key="lvcmos15" value="0" description="" />
   <keyValuePair key="lvcmos18" value="1" description="" />
   <keyValuePair key="lvcmos25" value="0" description="" />
   <keyValuePair key="lvcmos33" value="1" description="" />
   <keyValuePair key="lvdci_15" value="0" description="" />
   <keyValuePair key="lvdci_18" value="0" description="" />
   <keyValuePair key="lvdci_dv2_15" value="0" description="" />
   <keyValuePair key="lvdci_dv2_18" value="0" description="" />
   <keyValuePair key="lvds" value="0" description="" />
   <keyValuePair key="lvds_25" value="0" description="" />
   <keyValuePair key="lvttl" value="0" description="" />
   <keyValuePair key="mini_lvds_25" value="0" description="" />
   <keyValuePair key="mobile_ddr" value="0" description="" />
   <keyValuePair key="pci33_3" value="0" description="" />
   <keyValuePair key="ppds_25" value="0" description="" />
   <keyValuePair key="rsds_25" value="0" description="" />
   <keyValuePair key="sstl12" value="0" description="" />
   <keyValuePair key="sstl12_dci" value="0" description="" />
   <keyValuePair key="sstl12_t_dci" value="0" description="" />
   <keyValuePair key="sstl135" value="0" description="" />
   <keyValuePair key="sstl135_dci" value="0" description="" />
   <keyValuePair key="sstl135_r" value="0" description="" />
   <keyValuePair key="sstl135_t_dci" value="0" description="" />
   <keyValuePair key="sstl15" value="0" description="" />
   <keyValuePair key="sstl15_dci" value="0" description="" />
   <keyValuePair key="sstl15_r" value="0" description="" />
   <keyValuePair key="sstl15_t_dci" value="0" description="" />
   <keyValuePair key="sstl18_i" value="0" description="" />
   <keyValuePair key="sstl18_i_dci" value="0" description="" />
   <keyValuePair key="sstl18_ii" value="0" description="" />
   <keyValuePair key="sstl18_ii_dci" value="0" description="" />
   <keyValuePair key="sstl18_ii_t_dci" value="0" description="" />
   <keyValuePair key="tmds_33" value="0" description="" />
  </section>
  <section name="memory" level="2" order="4" description="">
   <keyValuePair key="block_ram_tile_available" value="325" description="" />
   <keyValuePair key="block_ram_tile_fixed" value="0" description="" />
   <keyValuePair key="block_ram_tile_used" value="0" description="" />
   <keyValuePair key="block_ram_tile_util_percentage" value="0.00" description="" />
   <keyValuePair key="ramb18_available" value="650" description="" />
   <keyValuePair key="ramb18_fixed" value="0" description="" />
   <keyValuePair key="ramb18_used" value="0" description="" />
   <keyValuePair key="ramb18_util_percentage" value="0.00" description="" />
   <keyValuePair key="ramb36_fifo_available" value="325" description="" />
   <keyValuePair key="ramb36_fifo_fixed" value="0" description="" />
   <keyValuePair key="ramb36_fifo_used" value="0" description="" />
   <keyValuePair key="ramb36_fifo_util_percentage" value="0.00" description="" />
  </section>
  <section name="primitives" level="2" order="5" description="">
   <keyValuePair key="bufg_functional_category" value="Clock" description="" />
   <keyValuePair key="bufg_used" value="1" description="" />
   <keyValuePair key="carry4_functional_category" value="CarryLogic" description="" />
   <keyValuePair key="carry4_used" value="16" description="" />
   <keyValuePair key="fdce_functional_category" value="Flop &amp; Latch" description="" />
   <keyValuePair key="fdce_used" value="53" description="" />
   <keyValuePair key="ibuf_functional_category" value="IO" description="" />
   <keyValuePair key="ibuf_used" value="23" description="" />
   <keyValuePair key="lut2_functional_category" value="LUT" description="" />
   <keyValuePair key="lut2_used" value="35" description="" />
   <keyValuePair key="lut3_functional_category" value="LUT" description="" />
   <keyValuePair key="lut3_used" value="3" description="" />
   <keyValuePair key="lut4_functional_category" value="LUT" description="" />
   <keyValuePair key="lut4_used" value="17" description="" />
   <keyValuePair key="lut5_functional_category" value="LUT" description="" />
   <keyValuePair key="lut5_used" value="1" description="" />
   <keyValuePair key="lut6_functional_category" value="LUT" description="" />
   <keyValuePair key="lut6_used" value="17" description="" />
   <keyValuePair key="obuf_functional_category" value="IO" description="" />
   <keyValuePair key="obuf_used" value="24" description="" />
  </section>
  <section name="slice_logic" level="2" order="6" description="">
   <keyValuePair key="f7_muxes_available" value="50700" description="" />
   <keyValuePair key="f7_muxes_fixed" value="0" description="" />
   <keyValuePair key="f7_muxes_used" value="0" description="" />
   <keyValuePair key="f7_muxes_util_percentage" value="0.00" description="" />
   <keyValuePair key="f8_muxes_available" value="25350" description="" />
   <keyValuePair key="f8_muxes_fixed" value="0" description="" />
   <keyValuePair key="f8_muxes_used" value="0" description="" />
   <keyValuePair key="f8_muxes_util_percentage" value="0.00" description="" />
   <keyValuePair key="lut_as_distributed_ram_fixed" value="0" description="" />
   <keyValuePair key="lut_as_distributed_ram_used" value="0" description="" />
   <keyValuePair key="lut_as_logic_available" value="101400" description="" />
   <keyValuePair key="lut_as_logic_available" value="101400" description="" />
   <keyValuePair key="lut_as_logic_fixed" value="0" description="" />
   <keyValuePair key="lut_as_logic_fixed" value="0" description="" />
   <keyValuePair key="lut_as_logic_used" value="62" description="" />
   <keyValuePair key="lut_as_logic_used" value="62" description="" />
   <keyValuePair key="lut_as_logic_util_percentage" value="0.06" description="" />
   <keyValuePair key="lut_as_logic_util_percentage" value="0.06" description="" />
   <keyValuePair key="lut_as_memory_available" value="35000" description="" />
   <keyValuePair key="lut_as_memory_available" value="35000" description="" />
   <keyValuePair key="lut_as_memory_fixed" value="0" description="" />
   <keyValuePair key="lut_as_memory_fixed" value="0" description="" />
   <keyValuePair key="lut_as_memory_used" value="0" description="" />
   <keyValuePair key="lut_as_memory_used" value="0" description="" />
   <keyValuePair key="lut_as_memory_util_percentage" value="0.00" description="" />
   <keyValuePair key="lut_as_memory_util_percentage" value="0.00" description="" />
   <keyValuePair key="lut_as_shift_register_fixed" value="0" description="" />
   <keyValuePair key="lut_as_shift_register_used" value="0" description="" />
   <keyValuePair key="lut_in_front_of_the_register_is_unused_fixed" value="0" description="" />
   <keyValuePair key="lut_in_front_of_the_register_is_unused_used" value="13" description="" />
   <keyValuePair key="lut_in_front_of_the_register_is_used_fixed" value="13" description="" />
   <keyValuePair key="lut_in_front_of_the_register_is_used_used" value="4" description="" />
   <keyValuePair key="register_as_flip_flop_available" value="202800" description="" />
   <keyValuePair key="register_as_flip_flop_fixed" value="0" description="" />
   <keyValuePair key="register_as_flip_flop_used" value="53" description="" />
   <keyValuePair key="register_as_flip_flop_util_percentage" value="0.03" description="" />
   <keyValuePair key="register_as_latch_available" value="202800" description="" />
   <keyValuePair key="register_as_latch_fixed" value="0" description="" />
   <keyValuePair key="register_as_latch_used" value="0" description="" />
   <keyValuePair key="register_as_latch_util_percentage" value="0.00" description="" />
   <keyValuePair key="register_driven_from_outside_the_slice_fixed" value="4" description="" />
   <keyValuePair key="register_driven_from_outside_the_slice_used" value="17" description="" />
   <keyValuePair key="register_driven_from_within_the_slice_fixed" value="17" description="" />
   <keyValuePair key="register_driven_from_within_the_slice_used" value="36" description="" />
   <keyValuePair key="slice_available" value="25350" description="" />
   <keyValuePair key="slice_fixed" value="0" description="" />
   <keyValuePair key="slice_luts_available" value="101400" description="" />
   <keyValuePair key="slice_luts_fixed" value="0" description="" />
   <keyValuePair key="slice_luts_used" value="62" description="" />
   <keyValuePair key="slice_luts_util_percentage" value="0.06" description="" />
   <keyValuePair key="slice_registers_available" value="202800" description="" />
   <keyValuePair key="slice_registers_available" value="202800" description="" />
   <keyValuePair key="slice_registers_fixed" value="0" description="" />
   <keyValuePair key="slice_registers_fixed" value="0" description="" />
   <keyValuePair key="slice_registers_used" value="53" description="" />
   <keyValuePair key="slice_registers_used" value="53" description="" />
   <keyValuePair key="slice_registers_util_percentage" value="0.03" description="" />
   <keyValuePair key="slice_registers_util_percentage" value="0.03" description="" />
   <keyValuePair key="slice_used" value="40" description="" />
   <keyValuePair key="slice_util_percentage" value="0.16" description="" />
   <keyValuePair key="slicel_fixed" value="0" description="" />
   <keyValuePair key="slicel_used" value="32" description="" />
   <keyValuePair key="slicem_fixed" value="0" description="" />
   <keyValuePair key="slicem_used" value="8" description="" />
   <keyValuePair key="unique_control_sets_available" value="25350" description="" />
   <keyValuePair key="unique_control_sets_fixed" value="25350" description="" />
   <keyValuePair key="unique_control_sets_used" value="3" description="" />
   <keyValuePair key="unique_control_sets_util_percentage" value="0.01" description="" />
   <keyValuePair key="using_o5_and_o6_fixed" value="0.01" description="" />
   <keyValuePair key="using_o5_and_o6_used" value="11" description="" />
   <keyValuePair key="using_o5_output_only_fixed" value="11" description="" />
   <keyValuePair key="using_o5_output_only_used" value="0" description="" />
   <keyValuePair key="using_o6_output_only_fixed" value="0" description="" />
   <keyValuePair key="using_o6_output_only_used" value="51" description="" />
  </section>
  <section name="specific_feature" level="2" order="7" description="">
   <keyValuePair key="bscane2_available" value="4" description="" />
   <keyValuePair key="bscane2_fixed" value="0" description="" />
   <keyValuePair key="bscane2_used" value="0" description="" />
   <keyValuePair key="bscane2_util_percentage" value="0.00" description="" />
   <keyValuePair key="capturee2_available" value="1" description="" />
   <keyValuePair key="capturee2_fixed" value="0" description="" />
   <keyValuePair key="capturee2_used" value="0" description="" />
   <keyValuePair key="capturee2_util_percentage" value="0.00" description="" />
   <keyValuePair key="dna_port_available" value="1" description="" />
   <keyValuePair key="dna_port_fixed" value="0" description="" />
   <keyValuePair key="dna_port_used" value="0" description="" />
   <keyValuePair key="dna_port_util_percentage" value="0.00" description="" />
   <keyValuePair key="efuse_usr_available" value="1" description="" />
   <keyValuePair key="efuse_usr_fixed" value="0" description="" />
   <keyValuePair key="efuse_usr_used" value="0" description="" />
   <keyValuePair key="efuse_usr_util_percentage" value="0.00" description="" />
   <keyValuePair key="frame_ecce2_available" value="1" description="" />
   <keyValuePair key="frame_ecce2_fixed" value="0" description="" />
   <keyValuePair key="frame_ecce2_used" value="0" description="" />
   <keyValuePair key="frame_ecce2_util_percentage" value="0.00" description="" />
   <keyValuePair key="icape2_available" value="2" description="" />
   <keyValuePair key="icape2_fixed" value="0" description="" />
   <keyValuePair key="icape2_used" value="0" description="" />
   <keyValuePair key="icape2_util_percentage" value="0.00" description="" />
   <keyValuePair key="pcie_2_1_available" value="1" description="" />
   <keyValuePair key="pcie_2_1_fixed" value="0" description="" />
   <keyValuePair key="pcie_2_1_used" value="0" description="" />
   <keyValuePair key="pcie_2_1_util_percentage" value="0.00" description="" />
   <keyValuePair key="startupe2_available" value="1" description="" />
   <keyValuePair key="startupe2_fixed" value="0" description="" />
   <keyValuePair key="startupe2_used" value="0" description="" />
   <keyValuePair key="startupe2_util_percentage" value="0.00" description="" />
   <keyValuePair key="xadc_available" value="1" description="" />
   <keyValuePair key="xadc_fixed" value="0" description="" />
   <keyValuePair key="xadc_used" value="0" description="" />
   <keyValuePair key="xadc_util_percentage" value="0.00" description="" />
  </section>
 </section>
 <section name="synthesis" level="1" order="5" description="">
  <section name="command_line_options" level="2" order="1" description="">
   <keyValuePair key="-assert" value="default::[not_specified]" description="" />
   <keyValuePair key="-bufg" value="default::12" description="" />
   <keyValuePair key="-cascade_dsp" value="default::auto" description="" />
   <keyValuePair key="-constrset" value="default::[not_specified]" description="" />
   <keyValuePair key="-control_set_opt_threshold" value="default::auto" description="" />
   <keyValuePair key="-directive" value="default::default" description="" />
   <keyValuePair key="-fanout_limit" value="default::10000" description="" />
   <keyValuePair key="-flatten_hierarchy" value="default::rebuilt" description="" />
   <keyValuePair key="-fsm_extraction" value="default::auto" description="" />
   <keyValuePair key="-gated_clock_conversion" value="default::off" description="" />
   <keyValuePair key="-generic" value="default::[not_specified]" description="" />
   <keyValuePair key="-include_dirs" value="default::[not_specified]" description="" />
   <keyValuePair key="-keep_equivalent_registers" value="default::[not_specified]" description="" />
   <keyValuePair key="-max_bram" value="default::-1" description="" />
   <keyValuePair key="-max_bram_cascade_height" value="default::-1" description="" />
   <keyValuePair key="-max_dsp" value="default::-1" description="" />
   <keyValuePair key="-max_uram" value="default::-1" description="" />
   <keyValuePair key="-max_uram_cascade_height" value="default::-1" description="" />
   <keyValuePair key="-mode" value="default::default" description="" />
   <keyValuePair key="-name" value="default::[not_specified]" description="" />
   <keyValuePair key="-no_lc" value="default::[not_specified]" description="" />
   <keyValuePair key="-no_srlextract" value="default::[not_specified]" description="" />
   <keyValuePair key="-no_timing_driven" value="default::[not_specified]" description="" />
   <keyValuePair key="-part" value="xc7k160tfbg676-2" description="" />
   <keyValuePair key="-resource_sharing" value="default::auto" description="" />
   <keyValuePair key="-retiming" value="default::[not_specified]" description="" />
   <keyValuePair key="-rtl" value="default::[not_specified]" description="" />
   <keyValuePair key="-rtl_skip_constraints" value="default::[not_specified]" description="" />
   <keyValuePair key="-rtl_skip_ip" value="default::[not_specified]" description="" />
   <keyValuePair key="-seu_protect" value="default::none" description="" />
   <keyValuePair key="-sfcu" value="default::[not_specified]" description="" />
   <keyValuePair key="-shreg_min_size" value="default::3" description="" />
   <keyValuePair key="-top" value="IO_top" description="" />
   <keyValuePair key="-verilog_define" value="default::[not_specified]" description="" />
  </section>
  <section name="usage" level="2" order="2" description="">
   <keyValuePair key="elapsed" value="00:00:19s" description="" />
   <keyValuePair key="hls_ip" value="0" description="" />
   <keyValuePair key="memory_gain" value="502.992MB" description="" />
   <keyValuePair key="memory_peak" value="766.363MB" description="" />
  </section>
 </section>
 <section name="unisim_transformation" level="1" order="6" description="">
  <section name="post_unisim_transformation" level="2" order="1" description="">
   <keyValuePair key="bufg" value="1" description="" />
   <keyValuePair key="carry4" value="16" description="" />
   <keyValuePair key="fdce" value="53" description="" />
   <keyValuePair key="gnd" value="1" description="" />
   <keyValuePair key="ibuf" value="23" description="" />
   <keyValuePair key="lut2" value="35" description="" />
   <keyValuePair key="lut3" value="3" description="" />
   <keyValuePair key="lut4" value="17" description="" />
   <keyValuePair key="lut5" value="1" description="" />
   <keyValuePair key="lut6" value="17" description="" />
   <keyValuePair key="obuf" value="24" description="" />
   <keyValuePair key="vcc" value="2" description="" />
  </section>
  <section name="pre_unisim_transformation" level="2" order="2" description="">
   <keyValuePair key="bufg" value="1" description="" />
   <keyValuePair key="carry4" value="16" description="" />
   <keyValuePair key="fdce" value="53" description="" />
   <keyValuePair key="gnd" value="1" description="" />
   <keyValuePair key="ibuf" value="23" description="" />
   <keyValuePair key="lut2" value="35" description="" />
   <keyValuePair key="lut3" value="3" description="" />
   <keyValuePair key="lut4" value="17" description="" />
   <keyValuePair key="lut5" value="1" description="" />
   <keyValuePair key="lut6" value="17" description="" />
   <keyValuePair key="obuf" value="24" description="" />
   <keyValuePair key="vcc" value="2" description="" />
  </section>
 </section>
 <section name="vivado_usage" level="1" order="7" description="">
  <section name="gui_handlers" level="2" order="1" description="">
   <keyValuePair key="basedialog_cancel" value="4" description="" />
   <keyValuePair key="basedialog_ok" value="45" description="" />
   <keyValuePair key="basedialog_yes" value="6" description="" />
   <keyValuePair key="cmdmsgdialog_ok" value="3" description="" />
   <keyValuePair key="cmdmsgdialog_open_messages_view" value="4" description="" />
   <keyValuePair key="createconstraintsfilepanel_file_name" value="1" description="" />
   <keyValuePair key="createsrcfiledialog_file_name" value="3" description="" />
   <keyValuePair key="createsrcfiledialog_file_type" value="2" description="" />
   <keyValuePair key="filesetpanel_file_set_panel_tree" value="136" description="" />
   <keyValuePair key="flownavigatortreepanel_flow_navigator_tree" value="36" description="" />
   <keyValuePair key="fpgachooser_family" value="1" description="" />
   <keyValuePair key="fpgachooser_fpga_table" value="1" description="" />
   <keyValuePair key="fpgachooser_package" value="1" description="" />
   <keyValuePair key="fpgachooser_speed" value="1" description="" />
   <keyValuePair key="gettingstartedview_create_new_project" value="1" description="" />
   <keyValuePair key="hardwaretreepanel_hardware_tree_table" value="22" description="" />
   <keyValuePair key="logmonitor_monitor" value="2" description="" />
   <keyValuePair key="mainwinmenumgr_layout" value="2" description="" />
   <keyValuePair key="mainwinmenumgr_load" value="1" description="" />
   <keyValuePair key="messagewithoptiondialog_dont_show_this_dialog_again" value="1" description="" />
   <keyValuePair key="msgtreepanel_message_view_tree" value="4" description="" />
   <keyValuePair key="pacommandnames_add_sources" value="7" description="" />
   <keyValuePair key="pacommandnames_auto_connect_target" value="6" description="" />
   <keyValuePair key="pacommandnames_auto_update_hier" value="12" description="" />
   <keyValuePair key="pacommandnames_import_all_srcs" value="8" description="" />
   <keyValuePair key="pacommandnames_open_hardware_manager" value="4" description="" />
   <keyValuePair key="pacommandnames_program_fpga" value="6" description="" />
   <keyValuePair key="pacommandnames_run_bitgen" value="6" description="" />
   <keyValuePair key="pacommandnames_set_as_top" value="2" description="" />
   <keyValuePair key="pacommandnames_simulation_reset" value="4" description="" />
   <keyValuePair key="pacommandnames_simulation_run" value="2" description="" />
   <keyValuePair key="pacommandnames_simulation_run_behavioral" value="4" description="" />
   <keyValuePair key="pacommandnames_toggle_view_nav" value="2" description="" />
   <keyValuePair key="paviews_code" value="5" description="" />
   <keyValuePair key="paviews_project_summary" value="9" description="" />
   <keyValuePair key="planaheadtab_show_flow_navigator" value="2" description="" />
   <keyValuePair key="programdebugtab_open_target" value="5" description="" />
   <keyValuePair key="programdebugtab_refresh_device" value="1" description="" />
   <keyValuePair key="programfpgadialog_program" value="10" description="" />
   <keyValuePair key="progressdialog_cancel" value="1" description="" />
   <keyValuePair key="projectnamechooser_project_name" value="1" description="" />
   <keyValuePair key="rdicommands_delete" value="1" description="" />
   <keyValuePair key="rdicommands_properties" value="2" description="" />
   <keyValuePair key="rdiviews_waveform_viewer" value="53" description="" />
   <keyValuePair key="saveprojectutils_dont_save" value="1" description="" />
   <keyValuePair key="signaltreepanel_signal_tree_table" value="114" description="" />
   <keyValuePair key="srcchooserpanel_add_hdl_and_netlist_files_to_your_project" value="8" description="" />
   <keyValuePair key="srcchooserpanel_create_file" value="3" description="" />
   <keyValuePair key="srcmenu_ip_hierarchy" value="12" description="" />
   <keyValuePair key="syntheticagettingstartedview_recent_projects" value="1" description="" />
   <keyValuePair key="taskbanner_close" value="6" description="" />
   <keyValuePair key="touchpointsurveydialog_yes" value="1" description="" />
   <keyValuePair key="waveformnametree_waveform_name_tree" value="16" description="" />
  </section>
  <section name="java_command_handlers" level="2" order="2" description="">
   <keyValuePair key="addsources" value="7" description="" />
   <keyValuePair key="autoconnecttarget" value="6" description="" />
   <keyValuePair key="closeproject" value="1" description="" />
   <keyValuePair key="editdelete" value="1" description="" />
   <keyValuePair key="editproperties" value="2" description="" />
   <keyValuePair key="launchprogramfpga" value="9" description="" />
   <keyValuePair key="newproject" value="1" description="" />
   <keyValuePair key="openhardwaremanager" value="11" description="" />
   <keyValuePair key="openrecenttarget" value="5" description="" />
   <keyValuePair key="programdevice" value="4" description="" />
   <keyValuePair key="refreshdevice" value="1" description="" />
   <keyValuePair key="runbitgen" value="9" description="" />
   <keyValuePair key="runimplementation" value="10" description="" />
   <keyValuePair key="runsynthesis" value="2" description="" />
   <keyValuePair key="savedesign" value="1" description="" />
   <keyValuePair key="savefileproxyhandler" value="2" description="" />
   <keyValuePair key="settopnode" value="2" description="" />
   <keyValuePair key="showview" value="6" description="" />
   <keyValuePair key="simulationrun" value="4" description="" />
   <keyValuePair key="toggleviewnavigator" value="2" description="" />
   <keyValuePair key="ui.views.c.ap" value="4" description="" />
   <keyValuePair key="viewlayoutcmd" value="1" description="" />
   <keyValuePair key="viewtaskimplementation" value="2" description="" />
  </section>
  <section name="other_data" level="2" order="3" description="">
   <keyValuePair key="guimode" value="8" description="" />
  </section>
  <section name="project_data" level="2" order="4" description="">
   <keyValuePair key="constraintsetcount" value="1" description="" />
   <keyValuePair key="core_container" value="false" description="" />
   <keyValuePair key="currentimplrun" value="impl_1" description="" />
   <keyValuePair key="currentsynthesisrun" value="synth_1" description="" />
   <keyValuePair key="default_library" value="xil_defaultlib" description="" />
   <keyValuePair key="designmode" value="RTL" description="" />
   <keyValuePair key="export_simulation_activehdl" value="0" description="" />
   <keyValuePair key="export_simulation_ies" value="0" description="" />
   <keyValuePair key="export_simulation_modelsim" value="0" description="" />
   <keyValuePair key="export_simulation_questa" value="0" description="" />
   <keyValuePair key="export_simulation_riviera" value="0" description="" />
   <keyValuePair key="export_simulation_vcs" value="0" description="" />
   <keyValuePair key="export_simulation_xsim" value="0" description="" />
   <keyValuePair key="implstrategy" value="Vivado Implementation Defaults" description="" />
   <keyValuePair key="launch_simulation_activehdl" value="0" description="" />
   <keyValuePair key="launch_simulation_ies" value="0" description="" />
   <keyValuePair key="launch_simulation_modelsim" value="0" description="" />
   <keyValuePair key="launch_simulation_questa" value="0" description="" />
   <keyValuePair key="launch_simulation_riviera" value="0" description="" />
   <keyValuePair key="launch_simulation_vcs" value="0" description="" />
   <keyValuePair key="launch_simulation_xsim" value="4" description="" />
   <keyValuePair key="simulator_language" value="Mixed" description="" />
   <keyValuePair key="srcsetcount" value="6" description="" />
   <keyValuePair key="synthesisstrategy" value="Vivado Synthesis Defaults" description="" />
   <keyValuePair key="target_language" value="Verilog" description="" />
   <keyValuePair key="target_simulator" value="XSim" description="" />
   <keyValuePair key="totalimplruns" value="1" description="" />
   <keyValuePair key="totalsynthesisruns" value="1" description="" />
  </section>
 </section>
 <section name="xsim" level="1" order="8" description="">
  <section name="command_line_options" level="2" order="1" description="">
   <keyValuePair key="-sim_mode" value="default::behavioral" description="" />
   <keyValuePair key="-sim_type" value="default::" description="" />
  </section>
 </section>
</section>
</webTalkData>
