<?xml version="1.0" encoding="UTF-8"?>
<GenRun Id="synth_1" LaunchPart="xc7k160tfbg676-1" LaunchTime="1684584101">
  <File Type="PA-TCL" Name="pcFinal.tcl"/>
  <File Type="REPORTS-TCL" Name="pcFinal_reports.tcl"/>
  <File Type="RDS-RDS" Name="pcFinal.vds"/>
  <File Type="RDS-UTIL" Name="pcFinal_utilization_synth.rpt"/>
  <File Type="RDS-UTIL-PB" Name="pcFinal_utilization_synth.pb"/>
  <File Type="RDS-DCP" Name="pcFinal.dcp"/>
  <FileSet Name="sources" Type="DesignSrcs" RelSrcDir="$PSRCDIR/sources_1">
    <Filter Type="Srcs"/>
    <File Path="$PSRCDIR/sources_1/new/PC.vhd">
      <FileInfo>
        <Attr Name="ImportPath" Val="$PPRDIR/../../MySOC_S2/PCCounter/PCCounter.srcs/sources_1/new/PC.vhd"/>
        <Attr Name="ImportTime" Val="1651213538"/>
        <Attr Name="UsedIn" Val="synthesis"/>
        <Attr Name="UsedIn" Val="simulation"/>
      </FileInfo>
    </File>
    <File Path="$PSRCDIR/sources_1/new/clkDIs.vhd">
      <FileInfo>
        <Attr Name="ImportPath" Val="$PPRDIR/../../MySOC_S2/PCCounter/PCCounter.srcs/sources_1/new/clkDIs.vhd"/>
        <Attr Name="ImportTime" Val="1651218606"/>
        <Attr Name="UsedIn" Val="synthesis"/>
        <Attr Name="UsedIn" Val="simulation"/>
      </FileInfo>
    </File>
    <File Path="$PSRCDIR/sources_1/new/data2Seg.vhd">
      <FileInfo>
        <Attr Name="ImportPath" Val="$PPRDIR/../../MySOC_S2/PCCounter/PCCounter.srcs/sources_1/new/data2Seg.vhd"/>
        <Attr Name="ImportTime" Val="1651212236"/>
        <Attr Name="UsedIn" Val="synthesis"/>
        <Attr Name="UsedIn" Val="simulation"/>
      </FileInfo>
    </File>
    <File Path="$PSRCDIR/sources_1/new/segDis.vhd">
      <FileInfo>
        <Attr Name="ImportPath" Val="$PPRDIR/../../MySOC_S2/PCCounter/PCCounter.srcs/sources_1/new/segDis.vhd"/>
        <Attr Name="ImportTime" Val="1651219476"/>
        <Attr Name="UsedIn" Val="synthesis"/>
        <Attr Name="UsedIn" Val="simulation"/>
      </FileInfo>
    </File>
    <File Path="$PSRCDIR/sources_1/new/pcFinal.vhd">
      <FileInfo>
        <Attr Name="ImportPath" Val="$PPRDIR/../../MySOC_S2/PCCounter/PCCounter.srcs/sources_1/new/pcFinal.vhd"/>
        <Attr Name="ImportTime" Val="1653318602"/>
        <Attr Name="UsedIn" Val="synthesis"/>
        <Attr Name="UsedIn" Val="simulation"/>
      </FileInfo>
    </File>
    <Config>
      <Option Name="DesignMode" Val="RTL"/>
      <Option Name="TopModule" Val="pcFinal"/>
      <Option Name="TopAutoSet" Val="TRUE"/>
    </Config>
  </FileSet>
  <FileSet Name="constrs_in" Type="Constrs" RelSrcDir="$PSRCDIR/constrs_1">
    <Filter Type="Constrs"/>
    <File Path="$PSRCDIR/constrs_1/new/constr.xdc">
      <FileInfo>
        <Attr Name="ImportPath" Val="$PPRDIR/../../MySOC_S2/PCCounter/PCCounter.srcs/constrs_1/new/constr.xdc"/>
        <Attr Name="ImportTime" Val="1650981366"/>
        <Attr Name="UsedIn" Val="synthesis"/>
        <Attr Name="UsedIn" Val="implementation"/>
      </FileInfo>
    </File>
    <Config>
      <Option Name="ConstrsType" Val="XDC"/>
    </Config>
  </FileSet>
  <FileSet Name="utils" Type="Utils" RelSrcDir="$PSRCDIR/utils_1">
    <Filter Type="Utils"/>
    <Config>
      <Option Name="TopAutoSet" Val="TRUE"/>
    </Config>
  </FileSet>
  <Strategy Version="1" Minor="2">
    <StratHandle Name="Vivado Synthesis Defaults" Flow="Vivado Synthesis 2018"/>
    <Step Id="synth_design"/>
  </Strategy>
</GenRun>
