<?xml version="1.0" encoding="UTF-8"?>
<GenRun Id="impl_2" LaunchPart="xc7k160tfbg676-2" LaunchTime="1683950716">
  <File Type="BITSTR-BMM" Name="Decoder3to8_bd.bmm"/>
  <File Type="OPT-METHODOLOGY-DRC" Name="Decoder3to8_methodology_drc_opted.rpt"/>
  <File Type="INIT-TIMING" Name="Decoder3to8_timing_summary_init.rpt"/>
  <File Type="ROUTE-PWR" Name="Decoder3to8_power_routed.rpt"/>
  <File Type="PA-TCL" Name="Decoder3to8.tcl"/>
  <File Type="OPT-TIMING" Name="Decoder3to8_timing_summary_opted.rpt"/>
  <File Type="OPT-DCP" Name="Decoder3to8_opt.dcp"/>
  <File Type="ROUTE-PWR-SUM" Name="Decoder3to8_power_summary_routed.pb"/>
  <File Type="REPORTS-TCL" Name="Decoder3to8_reports.tcl"/>
  <File Type="OPT-DRC" Name="Decoder3to8_drc_opted.rpt"/>
  <File Type="OPT-HWDEF" Name="Decoder3to8.hwdef"/>
  <File Type="PWROPT-DCP" Name="Decoder3to8_pwropt.dcp"/>
  <File Type="PWROPT-DRC" Name="Decoder3to8_drc_pwropted.rpt"/>
  <File Type="PWROPT-TIMING" Name="Decoder3to8_timing_summary_pwropted.rpt"/>
  <File Type="PLACE-DCP" Name="Decoder3to8_placed.dcp"/>
  <File Type="PLACE-IO" Name="Decoder3to8_io_placed.rpt"/>
  <File Type="PLACE-CLK" Name="Decoder3to8_clock_utilization_placed.rpt"/>
  <File Type="PLACE-UTIL" Name="Decoder3to8_utilization_placed.rpt"/>
  <File Type="PLACE-UTIL-PB" Name="Decoder3to8_utilization_placed.pb"/>
  <File Type="PLACE-CTRL" Name="Decoder3to8_control_sets_placed.rpt"/>
  <File Type="PLACE-SIMILARITY" Name="Decoder3to8_incremental_reuse_placed.rpt"/>
  <File Type="PLACE-PRE-SIMILARITY" Name="Decoder3to8_incremental_reuse_pre_placed.rpt"/>
  <File Type="PLACE-TIMING" Name="Decoder3to8_timing_summary_placed.rpt"/>
  <File Type="POSTPLACE-PWROPT-DCP" Name="Decoder3to8_postplace_pwropt.dcp"/>
  <File Type="BG-BIN" Name="Decoder3to8.bin"/>
  <File Type="POSTPLACE-PWROPT-TIMING" Name="Decoder3to8_timing_summary_postplace_pwropted.rpt"/>
  <File Type="PHYSOPT-DCP" Name="Decoder3to8_physopt.dcp"/>
  <File Type="PHYSOPT-DRC" Name="Decoder3to8_drc_physopted.rpt"/>
  <File Type="BITSTR-MSK" Name="Decoder3to8.msk"/>
  <File Type="PHYSOPT-TIMING" Name="Decoder3to8_timing_summary_physopted.rpt"/>
  <File Type="ROUTE-ERROR-DCP" Name="Decoder3to8_routed_error.dcp"/>
  <File Type="ROUTE-DCP" Name="Decoder3to8_routed.dcp"/>
  <File Type="ROUTE-BLACKBOX-DCP" Name="Decoder3to8_routed_bb.dcp"/>
  <File Type="ROUTE-DRC" Name="Decoder3to8_drc_routed.rpt"/>
  <File Type="ROUTE-DRC-PB" Name="Decoder3to8_drc_routed.pb"/>
  <File Type="ROUTE-DRC-RPX" Name="Decoder3to8_drc_routed.rpx"/>
  <File Type="BITSTR-MMI" Name="Decoder3to8.mmi"/>
  <File Type="ROUTE-METHODOLOGY-DRC" Name="Decoder3to8_methodology_drc_routed.rpt"/>
  <File Type="ROUTE-METHODOLOGY-DRC-RPX" Name="Decoder3to8_methodology_drc_routed.rpx"/>
  <File Type="ROUTE-METHODOLOGY-DRC-PB" Name="Decoder3to8_methodology_drc_routed.pb"/>
  <File Type="ROUTE-PWR-RPX" Name="Decoder3to8_power_routed.rpx"/>
  <File Type="ROUTE-STATUS" Name="Decoder3to8_route_status.rpt"/>
  <File Type="ROUTE-STATUS-PB" Name="Decoder3to8_route_status.pb"/>
  <File Type="ROUTE-TIMINGSUMMARY" Name="Decoder3to8_timing_summary_routed.rpt"/>
  <File Type="ROUTE-TIMING-PB" Name="Decoder3to8_timing_summary_routed.pb"/>
  <File Type="ROUTE-TIMING-RPX" Name="Decoder3to8_timing_summary_routed.rpx"/>
  <File Type="ROUTE-SIMILARITY" Name="Decoder3to8_incremental_reuse_routed.rpt"/>
  <File Type="ROUTE-CLK" Name="Decoder3to8_clock_utilization_routed.rpt"/>
  <File Type="ROUTE-BUS-SKEW" Name="Decoder3to8_bus_skew_routed.rpt"/>
  <File Type="ROUTE-BUS-SKEW-PB" Name="Decoder3to8_bus_skew_routed.pb"/>
  <File Type="ROUTE-BUS-SKEW-RPX" Name="Decoder3to8_bus_skew_routed.rpx"/>
  <File Type="POSTROUTE-PHYSOPT-DCP" Name="Decoder3to8_postroute_physopt.dcp"/>
  <File Type="POSTROUTE-PHYSOPT-BLACKBOX-DCP" Name="Decoder3to8_postroute_physopt_bb.dcp"/>
  <File Type="POSTROUTE-PHYSOPT-TIMING" Name="Decoder3to8_timing_summary_postroute_physopted.rpt"/>
  <File Type="POSTROUTE-PHYSOPT-TIMING-PB" Name="Decoder3to8_timing_summary_postroute_physopted.pb"/>
  <File Type="POSTROUTE-PHYSOPT-TIMING-RPX" Name="Decoder3to8_timing_summary_postroute_physopted.rpx"/>
  <File Type="POSTROUTE-PHYSOPT-BUS-SKEW" Name="Decoder3to8_bus_skew_postroute_physopted.rpt"/>
  <File Type="POSTROUTE-PHYSOPT-BUS-SKEW-PB" Name="Decoder3to8_bus_skew_postroute_physopted.pb"/>
  <File Type="BG-BIT" Name="Decoder3to8.bit"/>
  <File Type="POSTROUTE-PHYSOPT-BUS-SKEW-RPX" Name="Decoder3to8_bus_skew_postroute_physopted.rpx"/>
  <File Type="BITSTR-RBT" Name="Decoder3to8.rbt"/>
  <File Type="BITSTR-NKY" Name="Decoder3to8.nky"/>
  <File Type="PDI-FILE" Name="Decoder3to8.pdi"/>
  <File Type="RCFI_FILE" Name="Decoder3to8.rcfi"/>
  <File Type="CFI_FILE" Name="Decoder3to8.cfi"/>
  <File Type="RNPI_FILE" Name="Decoder3to8.rnpi"/>
  <File Type="NPI_FILE" Name="Decoder3to8.npi"/>
  <File Type="RBD_FILE" Name="Decoder3to8.rbd"/>
  <File Type="BITSTR-LTX" Name="debug_nets.ltx"/>
  <File Type="BITSTR-LTX" Name="Decoder3to8.ltx"/>
  <File Type="BITSTR-SYSDEF" Name="Decoder3to8.sysdef"/>
  <File Type="BG-BGN" Name="Decoder3to8.bgn"/>
  <File Type="BG-DRC" Name="Decoder3to8.drc"/>
  <File Type="RDI-RDI" Name="Decoder3to8.vdi"/>
  <File Type="WBT-USG" Name="usage_statistics_webtalk.html"/>
  <FileSet Name="sources" Type="DesignSrcs" RelSrcDir="$PSRCDIR/sources_1">
    <Filter Type="Srcs"/>
    <File Path="$PSRCDIR/sources_1/new/decoder3to8.vhd">
      <FileInfo>
        <Attr Name="UsedIn" Val="synthesis"/>
        <Attr Name="UsedIn" Val="simulation"/>
      </FileInfo>
    </File>
    <Config>
      <Option Name="DesignMode" Val="RTL"/>
      <Option Name="TopModule" Val="Decoder3to8"/>
      <Option Name="TopAutoSet" Val="TRUE"/>
    </Config>
  </FileSet>
  <FileSet Name="constrs_in" Type="Constrs" RelSrcDir="$PSRCDIR/constrs_1">
    <Filter Type="Constrs"/>
    <File Path="$PSRCDIR/constrs_1/new/decoder3to8.xdc">
      <FileInfo>
        <Attr Name="UsedIn" Val="synthesis"/>
        <Attr Name="UsedIn" Val="implementation"/>
      </FileInfo>
    </File>
    <Config>
      <Option Name="TargetConstrsFile" Val="$PSRCDIR/constrs_1/new/decoder3to8.xdc"/>
      <Option Name="ConstrsType" Val="XDC"/>
    </Config>
  </FileSet>
  <FileSet Name="utils" Type="Utils" RelSrcDir="$PSRCDIR/utils_1">
    <Filter Type="Utils"/>
    <Config>
      <Option Name="TopAutoSet" Val="TRUE"/>
    </Config>
  </FileSet>
  <Strategy Version="1" Minor="2">
    <StratHandle Name="Vivado Implementation Defaults" Flow="Vivado Implementation 2019">
      <Desc>Default settings for Implementation.</Desc>
    </StratHandle>
    <Step Id="init_design"/>
    <Step Id="opt_design"/>
    <Step Id="power_opt_design"/>
    <Step Id="place_design"/>
    <Step Id="post_place_power_opt_design"/>
    <Step Id="phys_opt_design" EnableStepBool="1"/>
    <Step Id="route_design"/>
    <Step Id="post_route_phys_opt_design"/>
    <Step Id="write_bitstream"/>
  </Strategy>
</GenRun>
