<?xml version="1.0" encoding="UTF-8"?>
<GenRun Id="impl_1" LaunchPart="xc7k160tfbg676-2" LaunchTime="1685780656">
  <File Type="BITSTR-BMM" Name="RAM_bd.bmm"/>
  <File Type="OPT-METHODOLOGY-DRC" Name="RAM_methodology_drc_opted.rpt"/>
  <File Type="INIT-TIMING" Name="RAM_timing_summary_init.rpt"/>
  <File Type="ROUTE-PWR" Name="RAM_power_routed.rpt"/>
  <File Type="PA-TCL" Name="RAM.tcl"/>
  <File Type="OPT-TIMING" Name="RAM_timing_summary_opted.rpt"/>
  <File Type="OPT-DCP" Name="RAM_opt.dcp"/>
  <File Type="ROUTE-PWR-SUM" Name="RAM_power_summary_routed.pb"/>
  <File Type="REPORTS-TCL" Name="RAM_reports.tcl"/>
  <File Type="OPT-DRC" Name="RAM_drc_opted.rpt"/>
  <File Type="OPT-HWDEF" Name="RAM.hwdef"/>
  <File Type="PWROPT-DCP" Name="RAM_pwropt.dcp"/>
  <File Type="PWROPT-DRC" Name="RAM_drc_pwropted.rpt"/>
  <File Type="PWROPT-TIMING" Name="RAM_timing_summary_pwropted.rpt"/>
  <File Type="PLACE-DCP" Name="RAM_placed.dcp"/>
  <File Type="PLACE-IO" Name="RAM_io_placed.rpt"/>
  <File Type="PLACE-CLK" Name="RAM_clock_utilization_placed.rpt"/>
  <File Type="PLACE-UTIL" Name="RAM_utilization_placed.rpt"/>
  <File Type="PLACE-UTIL-PB" Name="RAM_utilization_placed.pb"/>
  <File Type="PLACE-CTRL" Name="RAM_control_sets_placed.rpt"/>
  <File Type="PLACE-SIMILARITY" Name="RAM_incremental_reuse_placed.rpt"/>
  <File Type="PLACE-PRE-SIMILARITY" Name="RAM_incremental_reuse_pre_placed.rpt"/>
  <File Type="PLACE-TIMING" Name="RAM_timing_summary_placed.rpt"/>
  <File Type="POSTPLACE-PWROPT-DCP" Name="RAM_postplace_pwropt.dcp"/>
  <File Type="BG-BIN" Name="RAM.bin"/>
  <File Type="POSTPLACE-PWROPT-TIMING" Name="RAM_timing_summary_postplace_pwropted.rpt"/>
  <File Type="PHYSOPT-DCP" Name="RAM_physopt.dcp"/>
  <File Type="PHYSOPT-DRC" Name="RAM_drc_physopted.rpt"/>
  <File Type="BITSTR-MSK" Name="RAM.msk"/>
  <File Type="PHYSOPT-TIMING" Name="RAM_timing_summary_physopted.rpt"/>
  <File Type="ROUTE-ERROR-DCP" Name="RAM_routed_error.dcp"/>
  <File Type="ROUTE-DCP" Name="RAM_routed.dcp"/>
  <File Type="ROUTE-BLACKBOX-DCP" Name="RAM_routed_bb.dcp"/>
  <File Type="ROUTE-DRC" Name="RAM_drc_routed.rpt"/>
  <File Type="ROUTE-DRC-PB" Name="RAM_drc_routed.pb"/>
  <File Type="ROUTE-DRC-RPX" Name="RAM_drc_routed.rpx"/>
  <File Type="BITSTR-MMI" Name="RAM.mmi"/>
  <File Type="ROUTE-METHODOLOGY-DRC" Name="RAM_methodology_drc_routed.rpt"/>
  <File Type="ROUTE-METHODOLOGY-DRC-RPX" Name="RAM_methodology_drc_routed.rpx"/>
  <File Type="ROUTE-METHODOLOGY-DRC-PB" Name="RAM_methodology_drc_routed.pb"/>
  <File Type="ROUTE-PWR-RPX" Name="RAM_power_routed.rpx"/>
  <File Type="ROUTE-STATUS" Name="RAM_route_status.rpt"/>
  <File Type="ROUTE-STATUS-PB" Name="RAM_route_status.pb"/>
  <File Type="ROUTE-TIMINGSUMMARY" Name="RAM_timing_summary_routed.rpt"/>
  <File Type="ROUTE-TIMING-PB" Name="RAM_timing_summary_routed.pb"/>
  <File Type="ROUTE-TIMING-RPX" Name="RAM_timing_summary_routed.rpx"/>
  <File Type="ROUTE-SIMILARITY" Name="RAM_incremental_reuse_routed.rpt"/>
  <File Type="ROUTE-CLK" Name="RAM_clock_utilization_routed.rpt"/>
  <File Type="ROUTE-BUS-SKEW" Name="RAM_bus_skew_routed.rpt"/>
  <File Type="ROUTE-BUS-SKEW-PB" Name="RAM_bus_skew_routed.pb"/>
  <File Type="ROUTE-BUS-SKEW-RPX" Name="RAM_bus_skew_routed.rpx"/>
  <File Type="POSTROUTE-PHYSOPT-DCP" Name="RAM_postroute_physopt.dcp"/>
  <File Type="POSTROUTE-PHYSOPT-BLACKBOX-DCP" Name="RAM_postroute_physopt_bb.dcp"/>
  <File Type="POSTROUTE-PHYSOPT-TIMING" Name="RAM_timing_summary_postroute_physopted.rpt"/>
  <File Type="POSTROUTE-PHYSOPT-TIMING-PB" Name="RAM_timing_summary_postroute_physopted.pb"/>
  <File Type="POSTROUTE-PHYSOPT-TIMING-RPX" Name="RAM_timing_summary_postroute_physopted.rpx"/>
  <File Type="POSTROUTE-PHYSOPT-BUS-SKEW" Name="RAM_bus_skew_postroute_physopted.rpt"/>
  <File Type="POSTROUTE-PHYSOPT-BUS-SKEW-PB" Name="RAM_bus_skew_postroute_physopted.pb"/>
  <File Type="BG-BIT" Name="RAM.bit"/>
  <File Type="POSTROUTE-PHYSOPT-BUS-SKEW-RPX" Name="RAM_bus_skew_postroute_physopted.rpx"/>
  <File Type="BITSTR-RBT" Name="RAM.rbt"/>
  <File Type="BITSTR-NKY" Name="RAM.nky"/>
  <File Type="PDI-FILE" Name="RAM.pdi"/>
  <File Type="RCFI_FILE" Name="RAM.rcfi"/>
  <File Type="CFI_FILE" Name="RAM.cfi"/>
  <File Type="RNPI_FILE" Name="RAM.rnpi"/>
  <File Type="NPI_FILE" Name="RAM.npi"/>
  <File Type="RBD_FILE" Name="RAM.rbd"/>
  <File Type="BITSTR-LTX" Name="debug_nets.ltx"/>
  <File Type="BITSTR-LTX" Name="RAM.ltx"/>
  <File Type="BITSTR-SYSDEF" Name="RAM.sysdef"/>
  <File Type="BG-BGN" Name="RAM.bgn"/>
  <File Type="BG-DRC" Name="RAM.drc"/>
  <File Type="RDI-RDI" Name="RAM.vdi"/>
  <File Type="WBT-USG" Name="usage_statistics_webtalk.html"/>
  <FileSet Name="sources" Type="DesignSrcs" RelSrcDir="$PSRCDIR/sources_1">
    <Filter Type="Srcs"/>
    <File Path="$PSRCDIR/sources_1/new/RAM_m.vhd">
      <FileInfo>
        <Attr Name="ImportPath" Val="$PPRDIR/../test12/test12.srcs/sources_1/new/RAM_m.vhd"/>
        <Attr Name="ImportTime" Val="1652333094"/>
        <Attr Name="UsedIn" Val="synthesis"/>
        <Attr Name="UsedIn" Val="simulation"/>
      </FileInfo>
    </File>
    <File Path="$PSRCDIR/sources_1/new/digitalLED_decode.vhd">
      <FileInfo>
        <Attr Name="ImportPath" Val="$PPRDIR/../test12/test12.srcs/sources_1/new/digitalLED_decode.vhd"/>
        <Attr Name="ImportTime" Val="1651044436"/>
        <Attr Name="UsedIn" Val="synthesis"/>
        <Attr Name="UsedIn" Val="simulation"/>
      </FileInfo>
    </File>
    <File Path="$PSRCDIR/sources_1/new/digitalLED_dis.vhd">
      <FileInfo>
        <Attr Name="ImportPath" Val="$PPRDIR/../test12/test12.srcs/sources_1/new/digitalLED_dis.vhd"/>
        <Attr Name="ImportTime" Val="1651044794"/>
        <Attr Name="UsedIn" Val="synthesis"/>
        <Attr Name="UsedIn" Val="simulation"/>
      </FileInfo>
    </File>
    <File Path="$PSRCDIR/sources_1/new/digitalLED_top.vhd">
      <FileInfo>
        <Attr Name="ImportPath" Val="$PPRDIR/../test12/test12.srcs/sources_1/new/digitalLED_top.vhd"/>
        <Attr Name="ImportTime" Val="1650987888"/>
        <Attr Name="UsedIn" Val="synthesis"/>
        <Attr Name="UsedIn" Val="simulation"/>
      </FileInfo>
    </File>
    <File Path="$PSRCDIR/sources_1/new/RAM.vhd">
      <FileInfo>
        <Attr Name="ImportPath" Val="$PPRDIR/../test12/test12.srcs/sources_1/new/RAM.vhd"/>
        <Attr Name="ImportTime" Val="1651055700"/>
        <Attr Name="UsedIn" Val="synthesis"/>
        <Attr Name="UsedIn" Val="simulation"/>
      </FileInfo>
    </File>
    <Config>
      <Option Name="DesignMode" Val="RTL"/>
      <Option Name="TopModule" Val="RAM"/>
    </Config>
  </FileSet>
  <FileSet Name="constrs_in" Type="Constrs" RelSrcDir="$PSRCDIR/constrs_1">
    <Filter Type="Constrs"/>
    <File Path="$PSRCDIR/constrs_1/new/1.xdc">
      <FileInfo>
        <Attr Name="ImportPath" Val="$PPRDIR/../test12/test12.srcs/constrs_1/new/1.xdc"/>
        <Attr Name="ImportTime" Val="1651058794"/>
        <Attr Name="UsedIn" Val="synthesis"/>
        <Attr Name="UsedIn" Val="implementation"/>
      </FileInfo>
    </File>
    <Config>
      <Option Name="ConstrsType" Val="XDC"/>
    </Config>
  </FileSet>
  <FileSet Name="utils" Type="Utils" RelSrcDir="$PSRCDIR/utils_1">
    <Filter Type="Utils"/>
    <Config>
      <Option Name="TopAutoSet" Val="TRUE"/>
    </Config>
  </FileSet>
  <Strategy Version="1" Minor="2">
    <StratHandle Name="Vivado Implementation Defaults" Flow="Vivado Implementation 2019">
      <Desc>Default settings for Implementation.</Desc>
    </StratHandle>
    <Step Id="init_design"/>
    <Step Id="opt_design"/>
    <Step Id="power_opt_design"/>
    <Step Id="place_design"/>
    <Step Id="post_place_power_opt_design"/>
    <Step Id="phys_opt_design" EnableStepBool="1"/>
    <Step Id="route_design"/>
    <Step Id="post_route_phys_opt_design"/>
    <Step Id="write_bitstream"/>
  </Strategy>
</GenRun>
