<?xml version="1.0" encoding="UTF-8"?>
<GenRun Id="impl_1" LaunchPart="xc7k160tfbg676-1" LaunchTime="1684584189">
  <File Type="ROUTE-PWR" Name="pcFinal_power_routed.rpt"/>
  <File Type="PA-TCL" Name="pcFinal.tcl"/>
  <File Type="BITSTR-BMM" Name="pcFinal_bd.bmm"/>
  <File Type="ROUTE-PWR-SUM" Name="pcFinal_power_summary_routed.pb"/>
  <File Type="REPORTS-TCL" Name="pcFinal_reports.tcl"/>
  <File Type="OPT-DCP" Name="pcFinal_opt.dcp"/>
  <File Type="OPT-DRC" Name="pcFinal_drc_opted.rpt"/>
  <File Type="OPT-HWDEF" Name="pcFinal.hwdef"/>
  <File Type="PWROPT-DCP" Name="pcFinal_pwropt.dcp"/>
  <File Type="PLACE-DCP" Name="pcFinal_placed.dcp"/>
  <File Type="PLACE-IO" Name="pcFinal_io_placed.rpt"/>
  <File Type="PLACE-UTIL" Name="pcFinal_utilization_placed.rpt"/>
  <File Type="PLACE-UTIL-PB" Name="pcFinal_utilization_placed.pb"/>
  <File Type="PLACE-CTRL" Name="pcFinal_control_sets_placed.rpt"/>
  <File Type="PLACE-PRE-SIMILARITY" Name="pcFinal_incremental_reuse_pre_placed.rpt"/>
  <File Type="BG-BGN" Name="pcFinal.bgn"/>
  <File Type="POSTPLACE-PWROPT-DCP" Name="pcFinal_postplace_pwropt.dcp"/>
  <File Type="BG-BIN" Name="pcFinal.bin"/>
  <File Type="PHYSOPT-DCP" Name="pcFinal_physopt.dcp"/>
  <File Type="BITSTR-MSK" Name="pcFinal.msk"/>
  <File Type="ROUTE-ERROR-DCP" Name="pcFinal_routed_error.dcp"/>
  <File Type="ROUTE-DCP" Name="pcFinal_routed.dcp"/>
  <File Type="ROUTE-BLACKBOX-DCP" Name="pcFinal_routed_bb.dcp"/>
  <File Type="ROUTE-DRC" Name="pcFinal_drc_routed.rpt"/>
  <File Type="ROUTE-DRC-PB" Name="pcFinal_drc_routed.pb"/>
  <File Type="ROUTE-DRC-RPX" Name="pcFinal_drc_routed.rpx"/>
  <File Type="BITSTR-LTX" Name="pcFinal.ltx"/>
  <File Type="ROUTE-METHODOLOGY-DRC" Name="pcFinal_methodology_drc_routed.rpt"/>
  <File Type="BITSTR-MMI" Name="pcFinal.mmi"/>
  <File Type="ROUTE-METHODOLOGY-DRC-RPX" Name="pcFinal_methodology_drc_routed.rpx"/>
  <File Type="ROUTE-METHODOLOGY-DRC-PB" Name="pcFinal_methodology_drc_routed.pb"/>
  <File Type="BITSTR-SYSDEF" Name="pcFinal.sysdef"/>
  <File Type="ROUTE-PWR-RPX" Name="pcFinal_power_routed.rpx"/>
  <File Type="ROUTE-STATUS" Name="pcFinal_route_status.rpt"/>
  <File Type="ROUTE-STATUS-PB" Name="pcFinal_route_status.pb"/>
  <File Type="ROUTE-TIMINGSUMMARY" Name="pcFinal_timing_summary_routed.rpt"/>
  <File Type="ROUTE-TIMING-PB" Name="pcFinal_timing_summary_routed.pb"/>
  <File Type="ROUTE-TIMING-RPX" Name="pcFinal_timing_summary_routed.rpx"/>
  <File Type="ROUTE-CLK" Name="pcFinal_clock_utilization_routed.rpt"/>
  <File Type="ROUTE-BUS-SKEW" Name="pcFinal_bus_skew_routed.rpt"/>
  <File Type="ROUTE-BUS-SKEW-PB" Name="pcFinal_bus_skew_routed.pb"/>
  <File Type="ROUTE-BUS-SKEW-RPX" Name="pcFinal_bus_skew_routed.rpx"/>
  <File Type="POSTROUTE-PHYSOPT-DCP" Name="pcFinal_postroute_physopt.dcp"/>
  <File Type="POSTROUTE-PHYSOPT-BLACKBOX-DCP" Name="pcFinal_postroute_physopt_bb.dcp"/>
  <File Type="BG-BIT" Name="pcFinal.bit"/>
  <File Type="BITSTR-RBT" Name="pcFinal.rbt"/>
  <File Type="BITSTR-NKY" Name="pcFinal.nky"/>
  <File Type="BG-DRC" Name="pcFinal.drc"/>
  <File Type="RDI-RDI" Name="pcFinal.vdi"/>
  <File Type="WBT-USG" Name="usage_statistics_webtalk.html"/>
  <FileSet Name="sources" Type="DesignSrcs" RelSrcDir="$PSRCDIR/sources_1">
    <Filter Type="Srcs"/>
    <File Path="$PSRCDIR/sources_1/new/PC.vhd">
      <FileInfo>
        <Attr Name="ImportPath" Val="$PPRDIR/../../MySOC_S2/PCCounter/PCCounter.srcs/sources_1/new/PC.vhd"/>
        <Attr Name="ImportTime" Val="1651213538"/>
        <Attr Name="UsedIn" Val="synthesis"/>
        <Attr Name="UsedIn" Val="simulation"/>
      </FileInfo>
    </File>
    <File Path="$PSRCDIR/sources_1/new/clkDIs.vhd">
      <FileInfo>
        <Attr Name="ImportPath" Val="$PPRDIR/../../MySOC_S2/PCCounter/PCCounter.srcs/sources_1/new/clkDIs.vhd"/>
        <Attr Name="ImportTime" Val="1651218606"/>
        <Attr Name="UsedIn" Val="synthesis"/>
        <Attr Name="UsedIn" Val="simulation"/>
      </FileInfo>
    </File>
    <File Path="$PSRCDIR/sources_1/new/data2Seg.vhd">
      <FileInfo>
        <Attr Name="ImportPath" Val="$PPRDIR/../../MySOC_S2/PCCounter/PCCounter.srcs/sources_1/new/data2Seg.vhd"/>
        <Attr Name="ImportTime" Val="1651212236"/>
        <Attr Name="UsedIn" Val="synthesis"/>
        <Attr Name="UsedIn" Val="simulation"/>
      </FileInfo>
    </File>
    <File Path="$PSRCDIR/sources_1/new/segDis.vhd">
      <FileInfo>
        <Attr Name="ImportPath" Val="$PPRDIR/../../MySOC_S2/PCCounter/PCCounter.srcs/sources_1/new/segDis.vhd"/>
        <Attr Name="ImportTime" Val="1651219476"/>
        <Attr Name="UsedIn" Val="synthesis"/>
        <Attr Name="UsedIn" Val="simulation"/>
      </FileInfo>
    </File>
    <File Path="$PSRCDIR/sources_1/new/pcFinal.vhd">
      <FileInfo>
        <Attr Name="ImportPath" Val="$PPRDIR/../../MySOC_S2/PCCounter/PCCounter.srcs/sources_1/new/pcFinal.vhd"/>
        <Attr Name="ImportTime" Val="1653318602"/>
        <Attr Name="UsedIn" Val="synthesis"/>
        <Attr Name="UsedIn" Val="simulation"/>
      </FileInfo>
    </File>
    <Config>
      <Option Name="DesignMode" Val="RTL"/>
      <Option Name="TopModule" Val="pcFinal"/>
      <Option Name="TopAutoSet" Val="TRUE"/>
    </Config>
  </FileSet>
  <FileSet Name="constrs_in" Type="Constrs" RelSrcDir="$PSRCDIR/constrs_1">
    <Filter Type="Constrs"/>
    <File Path="$PSRCDIR/constrs_1/new/constr.xdc">
      <FileInfo>
        <Attr Name="ImportPath" Val="$PPRDIR/../../MySOC_S2/PCCounter/PCCounter.srcs/constrs_1/new/constr.xdc"/>
        <Attr Name="ImportTime" Val="1650981366"/>
        <Attr Name="UsedIn" Val="synthesis"/>
        <Attr Name="UsedIn" Val="implementation"/>
      </FileInfo>
    </File>
    <Config>
      <Option Name="ConstrsType" Val="XDC"/>
    </Config>
  </FileSet>
  <FileSet Name="utils" Type="Utils" RelSrcDir="$PSRCDIR/utils_1">
    <Filter Type="Utils"/>
    <Config>
      <Option Name="TopAutoSet" Val="TRUE"/>
    </Config>
  </FileSet>
  <Strategy Version="1" Minor="2">
    <StratHandle Name="Vivado Implementation Defaults" Flow="Vivado Implementation 2018"/>
    <Step Id="init_design"/>
    <Step Id="opt_design"/>
    <Step Id="power_opt_design"/>
    <Step Id="place_design"/>
    <Step Id="post_place_power_opt_design"/>
    <Step Id="phys_opt_design"/>
    <Step Id="route_design"/>
    <Step Id="post_route_phys_opt_design"/>
    <Step Id="write_bitstream"/>
  </Strategy>
</GenRun>
