<?xml version="1.0" encoding="UTF-8"?>
<GenRun Id="synth_1" LaunchPart="xc7k160tfbg676-2" LaunchTime="1685950706">
  <File Type="PA-TCL" Name="test.tcl"/>
  <File Type="RDS-PROPCONSTRS" Name="test_drc_synth.rpt"/>
  <File Type="REPORTS-TCL" Name="test_reports.tcl"/>
  <File Type="RDS-RDS" Name="test.vds"/>
  <File Type="RDS-UTIL" Name="test_utilization_synth.rpt"/>
  <File Type="RDS-UTIL-PB" Name="test_utilization_synth.pb"/>
  <File Type="RDS-DCP" Name="test.dcp"/>
  <File Type="VDS-TIMINGSUMMARY" Name="test_timing_summary_synth.rpt"/>
  <File Type="VDS-TIMING-PB" Name="test_timing_summary_synth.pb"/>
  <FileSet Name="sources" Type="DesignSrcs" RelSrcDir="$PSRCDIR/sources_1">
    <Filter Type="Srcs"/>
    <File Path="$PSRCDIR/sources_1/imports/project/alu/alu.srcs/sources_1/new/alu.vhd">
      <FileInfo>
        <Attr Name="ImportPath" Val="$PPRDIR/../alu/alu.srcs/sources_1/new/alu.vhd"/>
        <Attr Name="ImportTime" Val="1684727824"/>
        <Attr Name="UsedIn" Val="synthesis"/>
        <Attr Name="UsedIn" Val="simulation"/>
      </FileInfo>
    </File>
    <File Path="$PSRCDIR/sources_1/imports/project/alu/alu.srcs/sources_1/new/cal.vhd">
      <FileInfo>
        <Attr Name="ImportPath" Val="$PPRDIR/../alu/alu.srcs/sources_1/new/cal.vhd"/>
        <Attr Name="ImportTime" Val="1684731091"/>
        <Attr Name="UsedIn" Val="synthesis"/>
        <Attr Name="UsedIn" Val="simulation"/>
      </FileInfo>
    </File>
    <File Path="$PSRCDIR/sources_1/imports/project/ir/ir.srcs/sources_1/imports/new/data2seg.vhd">
      <FileInfo>
        <Attr Name="ImportPath" Val="$PPRDIR/../ir/ir.srcs/sources_1/imports/new/data2seg.vhd"/>
        <Attr Name="ImportTime" Val="1683948148"/>
        <Attr Name="UsedIn" Val="synthesis"/>
        <Attr Name="UsedIn" Val="simulation"/>
      </FileInfo>
    </File>
    <File Path="$PSRCDIR/sources_1/imports/project/ir/ir.srcs/sources_1/imports/new/state.vhd">
      <FileInfo>
        <Attr Name="ImportPath" Val="$PPRDIR/../ir/ir.srcs/sources_1/imports/new/state.vhd"/>
        <Attr Name="ImportTime" Val="1685152225"/>
        <Attr Name="UsedIn" Val="synthesis"/>
        <Attr Name="UsedIn" Val="simulation"/>
      </FileInfo>
    </File>
    <File Path="$PSRCDIR/sources_1/new/test.vhd">
      <FileInfo>
        <Attr Name="UsedIn" Val="synthesis"/>
        <Attr Name="UsedIn" Val="simulation"/>
      </FileInfo>
    </File>
    <Config>
      <Option Name="DesignMode" Val="RTL"/>
      <Option Name="TopModule" Val="test"/>
      <Option Name="TopAutoSet" Val="TRUE"/>
    </Config>
  </FileSet>
  <FileSet Name="constrs_in" Type="Constrs" RelSrcDir="$PSRCDIR/constrs_1">
    <Filter Type="Constrs"/>
    <File Path="$PSRCDIR/constrs_1/new/pin.xdc">
      <FileInfo>
        <Attr Name="UsedIn" Val="synthesis"/>
        <Attr Name="UsedIn" Val="implementation"/>
      </FileInfo>
    </File>
    <Config>
      <Option Name="TargetConstrsFile" Val="$PSRCDIR/constrs_1/new/pin.xdc"/>
      <Option Name="ConstrsType" Val="XDC"/>
    </Config>
  </FileSet>
  <FileSet Name="utils" Type="Utils" RelSrcDir="$PSRCDIR/utils_1">
    <Filter Type="Utils"/>
    <Config>
      <Option Name="TopAutoSet" Val="TRUE"/>
    </Config>
  </FileSet>
  <Strategy Version="1" Minor="2">
    <StratHandle Name="Vivado Synthesis Defaults" Flow="Vivado Synthesis 2018"/>
    <Step Id="synth_design"/>
  </Strategy>
</GenRun>
