<?xml version="1.0" encoding="UTF-8"?>
<GenRun Id="impl_1" LaunchPart="xc7k160tfbg676-2" LaunchTime="1684746577">
  <File Type="ROUTE-PWR" Name="FIFOControl_power_routed.rpt"/>
  <File Type="PA-TCL" Name="FIFOControl.tcl"/>
  <File Type="BITSTR-BMM" Name="FIFOControl_bd.bmm"/>
  <File Type="ROUTE-PWR-SUM" Name="FIFOControl_power_summary_routed.pb"/>
  <File Type="REPORTS-TCL" Name="FIFOControl_reports.tcl"/>
  <File Type="OPT-DCP" Name="FIFOControl_opt.dcp"/>
  <File Type="OPT-DRC" Name="FIFOControl_drc_opted.rpt"/>
  <File Type="OPT-HWDEF" Name="FIFOControl.hwdef"/>
  <File Type="PWROPT-DCP" Name="FIFOControl_pwropt.dcp"/>
  <File Type="PLACE-DCP" Name="FIFOControl_placed.dcp"/>
  <File Type="PLACE-IO" Name="FIFOControl_io_placed.rpt"/>
  <File Type="PLACE-UTIL" Name="FIFOControl_utilization_placed.rpt"/>
  <File Type="PLACE-UTIL-PB" Name="FIFOControl_utilization_placed.pb"/>
  <File Type="PLACE-CTRL" Name="FIFOControl_control_sets_placed.rpt"/>
  <File Type="PLACE-PRE-SIMILARITY" Name="FIFOControl_incremental_reuse_pre_placed.rpt"/>
  <File Type="BG-BGN" Name="FIFOControl.bgn"/>
  <File Type="POSTPLACE-PWROPT-DCP" Name="FIFOControl_postplace_pwropt.dcp"/>
  <File Type="BG-BIN" Name="FIFOControl.bin"/>
  <File Type="PHYSOPT-DCP" Name="FIFOControl_physopt.dcp"/>
  <File Type="BITSTR-MSK" Name="FIFOControl.msk"/>
  <File Type="ROUTE-ERROR-DCP" Name="FIFOControl_routed_error.dcp"/>
  <File Type="ROUTE-DCP" Name="FIFOControl_routed.dcp"/>
  <File Type="ROUTE-BLACKBOX-DCP" Name="FIFOControl_routed_bb.dcp"/>
  <File Type="ROUTE-DRC" Name="FIFOControl_drc_routed.rpt"/>
  <File Type="ROUTE-DRC-PB" Name="FIFOControl_drc_routed.pb"/>
  <File Type="ROUTE-DRC-RPX" Name="FIFOControl_drc_routed.rpx"/>
  <File Type="BITSTR-LTX" Name="FIFOControl.ltx"/>
  <File Type="ROUTE-METHODOLOGY-DRC" Name="FIFOControl_methodology_drc_routed.rpt"/>
  <File Type="BITSTR-MMI" Name="FIFOControl.mmi"/>
  <File Type="ROUTE-METHODOLOGY-DRC-RPX" Name="FIFOControl_methodology_drc_routed.rpx"/>
  <File Type="ROUTE-METHODOLOGY-DRC-PB" Name="FIFOControl_methodology_drc_routed.pb"/>
  <File Type="BITSTR-SYSDEF" Name="FIFOControl.sysdef"/>
  <File Type="ROUTE-PWR-RPX" Name="FIFOControl_power_routed.rpx"/>
  <File Type="ROUTE-STATUS" Name="FIFOControl_route_status.rpt"/>
  <File Type="ROUTE-STATUS-PB" Name="FIFOControl_route_status.pb"/>
  <File Type="ROUTE-TIMINGSUMMARY" Name="FIFOControl_timing_summary_routed.rpt"/>
  <File Type="ROUTE-TIMING-PB" Name="FIFOControl_timing_summary_routed.pb"/>
  <File Type="ROUTE-TIMING-RPX" Name="FIFOControl_timing_summary_routed.rpx"/>
  <File Type="ROUTE-CLK" Name="FIFOControl_clock_utilization_routed.rpt"/>
  <File Type="ROUTE-BUS-SKEW" Name="FIFOControl_bus_skew_routed.rpt"/>
  <File Type="ROUTE-BUS-SKEW-PB" Name="FIFOControl_bus_skew_routed.pb"/>
  <File Type="ROUTE-BUS-SKEW-RPX" Name="FIFOControl_bus_skew_routed.rpx"/>
  <File Type="POSTROUTE-PHYSOPT-DCP" Name="FIFOControl_postroute_physopt.dcp"/>
  <File Type="POSTROUTE-PHYSOPT-BLACKBOX-DCP" Name="FIFOControl_postroute_physopt_bb.dcp"/>
  <File Type="BG-BIT" Name="FIFOControl.bit"/>
  <File Type="BITSTR-RBT" Name="FIFOControl.rbt"/>
  <File Type="BITSTR-NKY" Name="FIFOControl.nky"/>
  <File Type="BG-DRC" Name="FIFOControl.drc"/>
  <File Type="RDI-RDI" Name="FIFOControl.vdi"/>
  <File Type="WBT-USG" Name="usage_statistics_webtalk.html"/>
  <FileSet Name="sources" Type="DesignSrcs" RelSrcDir="$PSRCDIR/sources_1">
    <Filter Type="Srcs"/>
    <File Path="$PSRCDIR/sources_1/new/XIAODOU.vhd">
      <FileInfo>
        <Attr Name="UsedIn" Val="synthesis"/>
        <Attr Name="UsedIn" Val="simulation"/>
      </FileInfo>
    </File>
    <File Path="$PSRCDIR/sources_1/new/FIFOControl.vhd">
      <FileInfo>
        <Attr Name="UsedIn" Val="synthesis"/>
        <Attr Name="UsedIn" Val="simulation"/>
      </FileInfo>
    </File>
    <Config>
      <Option Name="DesignMode" Val="RTL"/>
      <Option Name="TopModule" Val="FIFOControl"/>
      <Option Name="TopAutoSet" Val="TRUE"/>
    </Config>
  </FileSet>
  <FileSet Name="constrs_in" Type="Constrs" RelSrcDir="$PSRCDIR/constrs_1">
    <Filter Type="Constrs"/>
    <File Path="$PSRCDIR/constrs_1/new/PIN.xdc">
      <FileInfo>
        <Attr Name="UsedIn" Val="synthesis"/>
        <Attr Name="UsedIn" Val="implementation"/>
      </FileInfo>
    </File>
    <Config>
      <Option Name="TargetConstrsFile" Val="$PSRCDIR/constrs_1/new/PIN.xdc"/>
      <Option Name="ConstrsType" Val="XDC"/>
    </Config>
  </FileSet>
  <FileSet Name="utils" Type="Utils" RelSrcDir="$PSRCDIR/utils_1">
    <Filter Type="Utils"/>
    <Config>
      <Option Name="TopAutoSet" Val="TRUE"/>
    </Config>
  </FileSet>
  <Strategy Version="1" Minor="2">
    <StratHandle Name="Vivado Implementation Defaults" Flow="Vivado Implementation 2018"/>
    <Step Id="init_design"/>
    <Step Id="opt_design"/>
    <Step Id="power_opt_design"/>
    <Step Id="place_design"/>
    <Step Id="post_place_power_opt_design"/>
    <Step Id="phys_opt_design"/>
    <Step Id="route_design"/>
    <Step Id="post_route_phys_opt_design"/>
    <Step Id="write_bitstream"/>
  </Strategy>
</GenRun>
